{
	"format_version": "1.8.0",
	"animations": {
		"animation.aardvark.walk": {
			"loop": true,
			"animation_length": 0.70833,
			"bones": {
				"body": {
					"position": {
						"0.0": [0, 0, 0],
						"0.1667": [0, -1, 0],
						"0.3333": [0, 0, 0],
						"0.5417": [0, -1, 0],
						"0.7083": [0, 0, 0]
					}
				},
				"tail": {
					"rotation": {
						"0.0": [0, 0, 0],
						"0.2083": [0, 35, 0],
						"0.375": [0, 0, 0],
						"0.5": [0, -40, 0],
						"0.6667": [0, 0, 0]
					}
				},
				"tail2": {
					"rotation": {
						"0.0": [0, 0, 0],
						"0.2083": [0, 32.5, 0],
						"0.375": [0, 32.5, 0],
						"0.5417": [0, -47.5, 0],
						"0.7083": [0, 0, 0]
					}
				},
				"head": {
					"position": {
						"0.0": [0, 0, 0],
						"0.1667": [0, -1, 0],
						"0.3333": [0, 0, 0],
						"0.5417": [0, -1, 0],
						"0.7083": [0, 0, 0]
					}
				},
				"ear0": {
					"rotation": {
						"0.0": [0, 0, 0],
						"0.1667": [0, 0, -20],
						"0.3333": [0, 0, 0],
						"0.5": [0, 0, 45],
						"0.7083": [0, 0, 0]
					}
				},
				"ear1": {
					"rotation": {
						"0.0": [0, 0, 0],
						"0.2083": [0, 0, 20],
						"0.375": [0, 0, 0],
						"0.5417": [0, 0, -52.5],
						"0.7083": [0, 0, 0]
					}
				},
				"leg0": {
					"rotation": {
						"0.0417": [0, 0, 0],
						"0.2083": [-42.5, 0, 0],
						"0.375": [0, 0, 0],
						"0.5417": [65, 0, 0],
						"0.7083": [0, 0, 0]
					}
				},
				"leg1": {
					"rotation": {
						"0.0": [0, 0, 0],
						"0.2083": [70, 0, 0],
						"0.375": [0, 0, 0],
						"0.5417": [-65, 0, 0],
						"0.7083": [0, 0, 0]
					}
				},
				"leg2": {
					"rotation": {
						"0.0": [0, 0, 0],
						"0.1667": [62.5, 0, 0],
						"0.3333": [0, 0, 0],
						"0.5417": [-57.5, 0, 0],
						"0.7083": [0, 0, 0]
					}
				},
				"leg3": {
					"rotation": {
						"0.0": [0, 0, 0],
						"0.1667": [-47.5, 0, 0],
						"0.3333": [0, 0, 0],
						"0.5": [49.94933, -10.17795, -15.23987],
						"0.7083": [0, 0, 0]
					}
				}
			}
		},
		"animation.aardvark.sit": {
			"loop": true,
			"bones": {
				"body": {
					"rotation": [-2.5, 0, 0],
					"position": [0, -3, 0]
				},
				"tail": {
					"rotation": [-17.5, 0, 0]
				},
				"head": {
					"position": [0, -4, 1]
				},
				"leg0": {
					"rotation": [-90, 37.5, 0],
					"position": [0, -5, 0]
				},
				"leg1": {
					"rotation": [-90, -22.5, 0],
					"position": [0, -5, 0]
				},
				"leg2": {
					"position": [0, 0, 0]
				},
				"leg3": {
					"position": [0, 0, 0]
				}
			}
		},
		"animation.aardvark.sleep": {
			"loop": true,
			"bones": {
				"body": {
					"position": [0, -4, 0]
				},
				"tail": {
					"rotation": [-22.5, 0, 0]
				},
				"head": {
					"rotation": [12.5, -37.5, 0],
					"position": [0, -4, 0]
				},
				"ear0": {
					"rotation": [0, 0, 92.5]
				},
				"ear1": {
					"rotation": [0, 0, -92.5]
				},
				"leg0": {
					"rotation": [-90, 42.5, 0],
					"position": [0, -5, 0]
				},
				"leg1": {
					"rotation": [-90, -40, 0],
					"position": [0, -5, 0]
				},
				"leg2": {
					"rotation": [-85.64701, 54.92219, 3.56463],
					"position": [0, -3, 0]
				},
				"leg3": {
					"rotation": [-85.64701, -54.92219, -3.56463],
					"position": [0, -3, 0]
				}
			}
		}
	}
}