{
	"format_version": "1.8.0",
	"animations": {
		"animation.bark_scorpion.walk": {
			"loop": true,
			"animation_length": 0.83333,
			"bones": {
				"body": {
					"position": {
						"0.0": [0, 0, 0],
						"0.1667": [0, 0, 0],
						"0.2083": [0, -1, 0],
						"0.25": [0, 0, 0],
						"0.5833": [0, 0, 0],
						"0.625": [0, -1, 0],
						"0.6667": [0, 0, 0]
					}
				},
				"hand0": {
					"position": {
						"0.0": [0, 0, 0],
						"0.1667": [0, 0, 0],
						"0.2083": [0, -1, 0],
						"0.25": [0, 0, 0],
						"0.5833": [0, 0, 0],
						"0.625": [0, -1, 0],
						"0.6667": [0, 0, 0]
					}
				},
				"shear": {
					"rotation": {
						"0.2083": [0, 0, 0],
						"0.4167": [0, -47.5, 0],
						"0.5833": [0, -7.5, 0]
					}
				},
				"shear2": {
					"rotation": {
						"0.2083": [0, 0, 0],
						"0.375": [0, 40, 0],
						"0.5833": [0, 0, 0]
					}
				},
				"hand1": {
					"position": {
						"0.0": [0, 0, 0],
						"0.1667": [0, 0, 0],
						"0.2083": [0, -1, 0],
						"0.25": [0, 0, 0],
						"0.5833": [0, 0, 0],
						"0.625": [0, -1, 0],
						"0.6667": [0, 0, 0]
					}
				},
				"shear3": {
					"rotation": {
						"0.0": [0, 0, 0],
						"0.25": [0, 52.5, 0],
						"0.4167": [0, 0, 0],
						"0.5833": [0, 60, 0],
						"0.8333": [0, 0, 0]
					}
				},
				"shear4": {
					"rotation": {
						"0.0": [0, 0, 0],
						"0.2083": [0, -45, 0],
						"0.4167": [0, 5, 0],
						"0.625": [0, -52.5, 0],
						"0.8333": [0, 0, 0]
					}
				},
				"tail": {
					"rotation": {
						"0.0": [0, 0, 0],
						"0.125": [0, 0, 0],
						"0.2083": [-25, 0, 0],
						"0.2917": [-5, 0, 0],
						"0.5417": [-5, 0, 0],
						"0.625": [-42.5, 0, 0],
						"0.7083": [0, 0, 0]
					}
				},
				"leg0": {
					"rotation": {
						"0.0": [0, 0, 0],
						"0.1667": [-9.8491, 28.48042, -20.00533],
						"0.2083": [0, 37.5, 0],
						"0.4167": [0, 0, 0],
						"0.625": [0, -50, 0],
						"0.8333": [0, 0, 0]
					}
				},
				"leg1": {
					"rotation": {
						"0.0": [0, 0, 0],
						"0.2083": [0, 0, -37.5],
						"0.4167": [0, 0, 0],
						"0.625": [0, 0, -35],
						"0.7917": [0, 0, 0]
					}
				},
				"leg2": {
					"rotation": {
						"0.0": [0, 0, 0],
						"0.2083": [0, -45, 0],
						"0.4167": [0, 0, 0],
						"0.5833": [-9.59798, 36.94641, -15.71313],
						"0.625": [0, 47.5, 0],
						"0.8333": [0, 0, 0]
					}
				},
				"leg3": {
					"rotation": {
						"0.0": [0, 0, 0],
						"0.2083": [0, 47.5, 0],
						"0.4167": [0, 0, 0],
						"0.5833": [-7.12284, -29.21893, 14.35885],
						"0.625": [0, -37.5, 0],
						"0.8333": [0, 0, 0]
					}
				},
				"leg4": {
					"rotation": {
						"0.0": [0, 0, 0],
						"0.2083": [0, 0, 35],
						"0.4167": [0, 0, 0],
						"0.625": [0, 0, 22.5],
						"0.8333": [0, 0, 0]
					}
				},
				"leg5": {
					"rotation": {
						"0.0": [0, 0, 0],
						"0.1667": [-13.22114, -35.95621, 21.80733],
						"0.2083": [0, -47.5, 0],
						"0.4167": [0, 0, 0],
						"0.5833": [0, 42.5, 0],
						"0.8333": [0, 0, 0]
					}
				}
			}
		},
		"animation.bark_scorpion.attack": {
			"loop": true,
			"animation_length": 0.5,
			"bones": {
				"body": {
					"position": [0, 0, 0],
					"scale": [1, 1.2, 1]
				},
				"tail": {
					"rotation": {
						"0.0": [0, 0, 0],
						"0.125": [12.5, 0, 0],
						"0.2083": [8.33, 0, 0],
						"0.2917": [60.83, 0, 0],
						"0.375": [8.33, 0, 0],
						"0.5": [0, 0, 0]
					}
				},
				"sting": {
					"rotation": {
						"0.0": [0, 0, 0],
						"0.2917": [-82.5, 0, 0],
						"0.5": [0, 0, 0]
					}
				}
			}
		}
	}
}