{
	"format_version": "1.8.0",
	"animations": {
		"animation.cendrawasih.fly": {
			"loop": true,
			"animation_length": 0.29167,
			"bones": {
				"root": {
					"rotation": [30, 0, 0],
					"position": {
						"0.0": [0, 0, 0],
						"0.1667": [0, -2, 0],
						"0.2917": [0, 0, 0]
					}
				},
				"wing0": {
					"rotation": {
						"0.0": [0, 0, 0],
						"0.1667": [0, 77.5, 0],
						"0.2917": [0, 0, 0]
					}
				},
				"wing1": {
					"rotation": {
						"0.0": [0, 0, 0],
						"0.1667": [0, -55, 0],
						"0.2917": [0, 0, 0]
					}
				},
				"tail": {
					"rotation": {
						"0.0": [0, 0, 0],
						"0.125": [25, 0, 0],
						"0.2917": [0, 0, 0]
					}
				},
				"leg0": {
					"rotation": [85, 0, 0]
				},
				"leg1": {
					"rotation": [70, 0, 0]
				}
			}
		},
		"animation.cendrawasih.idle": {
			"loop": true,
			"animation_length": 1.70833,
			"bones": {
				"wing0": {
					"rotation": {
						"0.0": [0, 0, 0],
						"0.3333": [0, 87.5, 0],
						"0.75": [0, 0, 0]
					}
				},
				"wing1": {
					"rotation": {
						"0.0": [0, 0, 0],
						"0.3333": [-2.72682, -64.95277, 4.68855],
						"0.75": [0, 0, 0]
					}
				},
				"tail": {
					"rotation": {
						"0.0": [0, 0, 0],
						"0.5417": [87.5, 0, 0],
						"0.6667": [57.5, 0, 0],
						"0.7917": [83.13, 0, 0],
						"0.9167": [80.42, 0, 0],
						"1.1667": [0, 0, 0]
					},
					"scale": {
						"0.0": [1, 1, 1],
						"0.5417": [1.2, 1, 2.2],
						"0.875": [1.2, 1, 2.2],
						"0.9583": [1, 1, 1]
					}
				},
				"head": {
					"rotation": {
						"0.0": [0, 0, 0],
						"0.2083": [-47.5, 0, 0],
						"0.4583": [0, 0, 0],
						"0.75": [-40, 0, 0],
						"1.0": [0, 0, 0]
					}
				}
			}
		}
	}
}