{
	"format_version": "1.8.0",
	"animations": {
		"animation.desert_owl.fly": {
			"loop": true,
			"animation_length": 0.16667,
			"bones": {
				"wing1": {
					"rotation": {
						"0.0": [0, 0, 0],
						"0.0833": [0, 0, -60],
						"0.1667": [0, 0, 0]
					}
				},
				"wing2": {
					"rotation": {
						"0.0": [0, 0, 0],
						"0.0833": [0, 0, 72.5],
						"0.1667": [0, 0, 0]
					}
				}
			}
		},
		"animation.desert_owl.idle": {
			"loop": true,
			"animation_length": 13,
			"bones": {
				"wing1": {
					"rotation": {
						"0.0": [0, 0, 0],
						"0.125": [0, 0, -57.5],
						"0.25": [0, 0, -56.25],
						"0.375": [0, 0, -5],
						"0.4583": [0, 0, -17.5],
						"0.5417": [0, 0, -5],
						"0.625": [0, 0, -32.5],
						"0.7083": [0, 0, -5],
						"0.875": [0, 0, 0]
					}
				},
				"wing2": {
					"rotation": {
						"0.0": [0, 0, 0],
						"0.1667": [0, 0, 57.5],
						"0.3333": [0, 0, 57.5],
						"0.5": [0, 0, 7.5],
						"0.5833": [0, 0, 32.5],
						"0.6667": [0, 0, 0],
						"0.75": [0, 0, 17.5],
						"0.7917": [0, 0, 5],
						"0.9583": [0, 0, 0]
					}
				},
				"body2": {
					"rotation": {
						"0.0": [0, 0, 0],
						"0.1667": [0, 15, 0],
						"0.3333": [0, -10, 0],
						"0.5": [0, 17.5, 0],
						"0.6667": [0, -10, 0],
						"0.8333": [0, 0, 0]
					}
				},
				"fur": {
					"rotation": {
						"0.0": [0, 0, 0],
						"0.125": [0, 12.5, 0],
						"0.2917": [0, -12.5, 0],
						"0.4583": [0, 17.5, 0],
						"0.625": [0, -7.5, 0],
						"0.875": [0, 0, 0]
					}
				},
				"eye1": {
					"rotation": [0, 0, 0]
				},
				"feather": {
					"rotation": {
						"0.0": [0, 0, 0],
						"0.2083": [42.5, 0, 0],
						"0.4167": [7.5, 0, 0]
					}
				}
			}
		},
		"animation.desert_owl.sleep": {
			"loop": true,
			"bones": {
				"eye1": {
					"position": [-1, 0, 3]
				},
				"eye2": {
					"position": [1, 0, 2]
				}
			}
		},
		"animation.desert_owl.charge": {
			"loop": true,
			"animation_length": 0.54167,
			"bones": {
				"wing1": {
					"rotation": {
						"0.0": [0, 0, 0],
						"0.125": [0, -57.5, -125],
						"0.3333": [0, -57.5, -125],
						"0.4583": [0, 0, 0],
						"0.5": [0, 0, -25],
						"0.5417": [0, 0, -2.5]
					}
				},
				"wing2": {
					"rotation": {
						"0.0": [0, 0, 0],
						"0.125": [-20, 67.5, 100],
						"0.375": [-20, 67.5, 100],
						"0.5": [0, 0, 0]
					}
				},
				"owl": {
					"rotation": {
						"0.0": [0, 0, 0],
						"0.125": [0, 0, 15],
						"0.25": [0, 0, 0],
						"0.375": [0, 0, -22.5],
						"0.5": [0, 0, 0]
					}
				},
				"eye1": {
					"scale": {
						"0.0": [1, 1, 1],
						"0.0833": [1.4, 1, 1],
						"0.375": [1.4, 1, 1],
						"0.4583": [1, 1, 1]
					}
				},
				"eye2": {
					"scale": {
						"0.0": [1, 1, 1],
						"0.0833": [1.4, 1, 1],
						"0.375": [1.4, 1, 1],
						"0.4583": [1, 1, 1]
					}
				},
				"feather": {
					"rotation": {
						"0.0": [0, 0, 0],
						"0.125": [-80, 0, 0],
						"0.2917": [-2.5, 0, 0],
						"0.4167": [12.5, 0, 0],
						"0.5": [0, 0, 0]
					}
				}
			}
		},
		"animation.desert_owl.air": {
			"loop": true,
			"animation_length": 0.91667,
			"bones": {
				"body2": {
					"scale": {
						"0.0": [1, 1, 1],
						"0.375": [1, 1, 1.1],
						"0.7083": [1, 1, 1]
					}
				}
			}
		}
	}
}