{
	"format_version": "1.8.0",
	"animations": {
		"animation.elephant.walk": {
			"loop": true,
			"animation_length": 0.45833,
			"bones": {
				"body": {
					"rotation": {
						"0.0": [0, 0, 0],
						"0.1667": [0, 0, -5],
						"0.3333": [0, 0, 7.5],
						"0.4583": [0, 0, 0]
					}
				},
				"head": {
					"rotation": {
						"0.0": [0, 0, 0],
						"0.1667": [5, 0, 0],
						"0.3333": [-5, 0, 0],
						"0.4583": [0, 0, 0]
					}
				},
				"leg0": {
					"rotation": {
						"0.0": [0, 0, 0],
						"0.1667": [50, 0, 0],
						"0.3333": [-52.5, 0, 0],
						"0.4583": [0, 0, 0]
					}
				},
				"leg1": {
					"rotation": {
						"0.0": [0, 0, 0],
						"0.1667": [-37.5, 0, 0],
						"0.3333": [47.5, 0, 0],
						"0.4583": [0, 0, 0]
					}
				},
				"leg2": {
					"rotation": {
						"0.0": [0, 0, 0],
						"0.1667": [-55, 0, 0],
						"0.3333": [52.5, 0, 0],
						"0.4583": [0, 0, 0]
					}
				},
				"leg3": {
					"rotation": {
						"0.0": [0, 0, 0],
						"0.1667": [52.5, 0, 0],
						"0.3333": [-35, 0, 0],
						"0.4583": [0, 0, 0]
					}
				},
				"russ": {
					"rotation": {
						"0.0": [0, 0, 0],
						"0.1667": [-24.81197, 3.1622, 6.80423],
						"0.3333": [-7.38733, -1.29876, -9.91615],
						"0.4583": [0, 0, 0]
					}
				},
				"russ2": {
					"rotation": {
						"0.0": [0, 0, 0],
						"0.2083": [-60, 0, 0],
						"0.3333": [-17.5, 0, 0],
						"0.4583": [0, 0, 0]
					}
				}
			}
		},
		"animation.elephant.idle": {
			"loop": true,
			"animation_length": 10,
			"bones": {
				"tail": {
					"rotation": {
						"0.0": [0, 0, 0],
						"0.25": [0, 0, 35],
						"0.5": [0, 0, 2.5],
						"0.7083": [0, 0, -42.5],
						"0.9583": [0, 0, 0],
						"1.5": [0, 0, 0],
						"1.75": [0, 0, 20],
						"1.9583": [0, 0, -40],
						"2.3333": [0, 0, 0]
					}
				},
				"ear0": {
					"rotation": {
						"0.0": [0, 12.5, 0],
						"0.1667": [0, 40, 0],
						"0.3333": [0, 20, 0],
						"0.5": [0, 47.5, 0],
						"0.75": [0, 12.5, 0],
						"1.1667": [0, 12.5, 0],
						"1.3333": [0, 12.5, 0],
						"1.5": [0, 52.5, 0],
						"1.6667": [0, 17.5, 0],
						"1.7917": [0, 0, 0],
						"3.0": [0, 5, 0],
						"3.375": [0, 35, 0],
						"3.7917": [0, 5, 0]
					}
				},
				"ear1": {
					"rotation": {
						"0.0": [0, 0, 0],
						"0.1667": [0, -32.5, 0],
						"0.3333": [0, -5, 0],
						"0.5": [0, -32.5, 0],
						"0.75": [0, 0, 0],
						"1.2917": [0, 0, 0],
						"1.5": [0, -32.5, 0],
						"1.7917": [0, 0, 0],
						"3.25": [0, 0, 0],
						"3.625": [0, -35, 0],
						"4.0": [0, 0, 0]
					}
				},
				"russ": {
					"rotation": {
						"0.0": [0, 0, 0],
						"0.2917": [-7.5, 0, 0],
						"0.5833": [0, 0, 0]
					}
				},
				"russ2": {
					"rotation": {
						"0.0": [0, 0, 0],
						"0.375": [-55, 0, 0],
						"0.75": [0, 0, 0],
						"3.9583": [0, 0, 0]
					}
				},
				"head": {
					"rotation": {
						"7.0": [0, 0, 0],
						"7.2917": [0, 0, 2.5],
						"7.625": [0, 0, -2.5],
						"7.9583": [0, 0, 0]
					}
				}
			}
		},
		"animation.elephant.angry": {
			"loop": true,
			"animation_length": 0.41667,
			"bones": {
				"ear0": {
					"rotation": {
						"0.0": [0, 0, 0],
						"0.2083": [0, 37.5, 0],
						"0.4167": [0, 0, 0]
					}
				},
				"ear1": {
					"rotation": {
						"0.0": [0, 0, 0],
						"0.25": [0, -42.5, 0],
						"0.4167": [0, 0, 0]
					}
				},
				"russ": {
					"rotation": {
						"0.0": [0, 0, 0],
						"0.2083": [-27.5, 0, 0],
						"0.4167": [0, 0, 0]
					}
				},
				"russ2": {
					"rotation": {
						"0.0": [0, 0, 0],
						"0.2083": [-67.5, 0, 0],
						"0.4167": [0, 0, 0]
					}
				}
			}
		},
		"animation.elephant.baby": {
			"loop": true,
			"bones": {
				"head": {
					"scale": [1, 1.2, 1.3]
				},
				"ear0": {
					"position": [0, 4, 0],
					"scale": [1, 0.9, 1]
				},
				"ear1": {
					"position": [0, 4, 0],
					"scale": [1, 0.9, 1]
				},
				"russ": {
					"scale": [1, 0.7, 0.8]
				},
				"russ2": {
					"scale": [1, 0.6, 0.7]
				},
				"horns": {
					"position": [0, 0, 12],
					"scale": [1, -0.1, 0.4]
				}
			}
		}
	}
}