{
	"format_version": "1.8.0",
	"animations": {
		"animation.gila_monster.walk": {
			"loop": true,
			"animation_length": 0.83333,
			"bones": {
				"body": {
					"position": {
						"0.0": [0, 0, 0],
						"0.2083": [0, -0.6, 0],
						"0.4167": [0, 0, 0],
						"0.625": [0, -0.5, 0],
						"0.8333": [0, 0, 0]
					}
				},
				"head": {
					"position": {
						"0.0": [0, 0, 0],
						"0.2083": [0, -0.3, 0],
						"0.4167": [0, 0, 0],
						"0.625": [0, -0.3, 0],
						"0.8333": [0, 0, 0]
					}
				},
				"tail": {
					"rotation": {
						"0.0": [0, 0, 0],
						"0.2083": [0, 20, 0],
						"0.4167": [0, 0, 0],
						"0.625": [0, -15, 0],
						"0.8333": [0, 0, 0]
					}
				},
				"tail2": {
					"rotation": {
						"0.0": [0, 0, 0],
						"0.2083": [0, 37.5, 0],
						"0.4167": [0, 0, 0],
						"0.625": [0, -30, 0],
						"0.8333": [0, 0, 0]
					}
				},
				"leg0": {
					"rotation": {
						"0.0": [0, 0, 0],
						"0.2083": [-50, 0, 0],
						"0.4167": [0, 0, 0],
						"0.625": [55, 0, 0],
						"0.8333": [0, 0, 0]
					}
				},
				"leg1": {
					"rotation": {
						"0.0": [0, 0, 0],
						"0.2083": [55, 0, 0],
						"0.4167": [0, 0, 0],
						"0.625": [-57.5, 0, 0],
						"0.8333": [0, 0, 0]
					}
				},
				"leg2": {
					"rotation": {
						"0.0": [0, 0, 0],
						"0.2083": [-55, 0, 0],
						"0.4167": [0, 0, 0],
						"0.625": [55, 0, 0],
						"0.8333": [0, 0, 0]
					}
				},
				"leg3": {
					"rotation": {
						"0.0": [0, 0, 0],
						"0.2083": [70, 0, 0],
						"0.4167": [0, 0, 0],
						"0.625": [-60, 0, 0],
						"0.8333": [0, 0, 0]
					}
				}
			}
		},
		"animation.gila_monster.idle": {
			"loop": true,
			"animation_length": 1.54167,
			"bones": {
				"tounge": {
					"position": {
						"0.0": [0, -1, 0],
						"0.375": [0, -1, -3],
						"0.7083": [0, -1, 0]
					}
				}
			}
		}
	}
}