{
	"format_version": "1.8.0",
	"animations": {
		"animation.gorilla.walk": {
			"loop": true,
			"animation_length": 0.58333,
			"bones": {
				"head": {
					"position": {
						"0.0": [0, 0, 0],
						"0.25": [0, 0, 0],
						"0.3333": [0, -2, 0],
						"0.4167": [0, 1, 0],
						"0.5833": [0, 0, 0]
					}
				},
				"body": {
					"rotation": {
						"0.0": [0, 0, 0],
						"0.1667": [0, 0, 5],
						"0.3333": [0, 0, 0],
						"0.4583": [0, 0, -5],
						"0.5833": [0, 0, 0]
					},
					"position": {
						"0.0": [0, 0, 0],
						"0.25": [0, 0, 0],
						"0.3333": [0, -1, 0],
						"0.4167": [0, 1, 0],
						"0.5833": [0, 0, 0]
					}
				},
				"leg1": {
					"rotation": {
						"0.0": [0, 0, 0],
						"0.1667": [-25, 0, 0],
						"0.3333": [0, 0, 0],
						"0.4583": [22.5, 0, 0],
						"0.5833": [0, 0, 0]
					}
				},
				"leg2": {
					"rotation": {
						"0.0": [0, 0, 0],
						"0.1667": [42.5, 0, 0],
						"0.3333": [0, 0, 0],
						"0.4583": [-42.5, 0, 0],
						"0.5833": [0, 0, 0]
					}
				},
				"leg3": {
					"rotation": {
						"0.0": [0, 0, 0],
						"0.1667": [25, 0, 0],
						"0.3333": [0, 0, 0],
						"0.4583": [-27.5, 0, 0],
						"0.5833": [0, 0, 0]
					}
				},
				"leg4": {
					"rotation": {
						"0.0": [0, 0, 0],
						"0.1667": [-42.5, 0, 0],
						"0.3333": [0, 0, 0],
						"0.4583": [40, 0, 0],
						"0.5833": [0, 0, 0]
					}
				}
			}
		},
		"animation.gorilla.idle": {
			"loop": true,
			"animation_length": 15,
			"bones": {
				"head": {
					"position": {
						"0.0": [0, 0, 0],
						"0.2917": [0, 4, 10],
						"1.4583": [0, 4, 10],
						"1.625": [0, 0, 0]
					}
				},
				"body": {
					"rotation": {
						"0.0": [0, 0, 0],
						"0.2083": [-37.5, 0, 0],
						"1.4167": [-37.5, 0, 0],
						"1.5833": [0, 0, 0]
					}
				},
				"leg1": {
					"position": {
						"0.0": [0, 0, 0],
						"0.1667": [0, 4, 5],
						"1.4167": [0, 4, 5],
						"1.5": [0, 0, 0]
					}
				},
				"leg3": {
					"position": {
						"0.0": [0, 0, 0],
						"0.1667": [0, 4, 2],
						"1.375": [0, 4, 2],
						"1.5417": [0, 0, 0]
					}
				}
			}
		},
		"animation.gorilla.sit": {
			"loop": true,
			"animation_length": 15.70833,
			"bones": {
				"head": {
					"position": [0, 3, 13]
				},
				"body": {
					"rotation": [-67.5, 0, 0],
					"position": [0, -3, 0]
				},
				"leg1": {
					"rotation": [-20, 0, 0],
					"position": [4, 5, 17]
				},
				"leg2": {
					"rotation": {
						"0.0": [-65, 0, 0],
						"15.7083": [-64.20382, -13.69969, -6.5296]
					},
					"position": [0, -4, 0],
					"scale": [1, 1.8, 1]
				},
				"leg3": {
					"rotation": [-20, 0, 0],
					"position": [-4, 5, 15]
				},
				"leg4": {
					"rotation": [-77.5, 0, 0],
					"position": [0, -5, 0],
					"scale": [1, 1.9, 1]
				}
			}
		},
		"animation.gorilla.eat": {
			"loop": true,
			"animation_length": 1.29167,
			"bones": {
				"head": {
					"rotation": {
						"0.0": [0, 0, 0],
						"0.2917": [0, 0, 0],
						"0.4583": [0, 0, -12.5],
						"0.5833": [0, 0, 17.5],
						"0.7083": [0, 0, 0]
					}
				},
				"leg1": {
					"rotation": {
						"0.0": [0, 0, 0],
						"0.1667": [-36.65996, 17.26588, 21.741],
						"0.3333": [-79.15996, 17.26588, 21.741],
						"0.5": [-36.65996, 17.26588, 21.741],
						"0.6667": [0, 0, 0]
					}
				}
			}
		}
	}
}