{
	"format_version": "1.8.0",
	"animations": {
		"animation.hippo.sleep": {
			"loop": true,
			"animation_length": 6.5,
			"bones": {
				"body": {
					"position": [0, -9, 0]
				},
				"head": {
					"rotation": [3, -10, 0],
					"position": [0, -10.4, 0]
				},
				"leg0": {
					"rotation": [85, 0, 0],
					"position": [7, -8, -4]
				},
				"leg1": {
					"rotation": [85, 0, 0],
					"position": [-6, -8, -4]
				},
				"leg2": {
					"rotation": [-85, 0, 0],
					"position": [7, -8, 0]
				},
				"leg3": {
					"rotation": [-85, 0, 0],
					"position": [-6, -8, 0]
				}
			}
		},
		"animation.hippo.walk": {
			"loop": true,
			"animation_length": 0.95833,
			"override_previous_animation": true,
			"bones": {
				"body": {
					"rotation": {
						"0.0": [0, 0, 0],
						"0.25": [0, 0, 5],
						"0.4583": [0, 0, 0],
						"0.7083": [0, 0, -5],
						"0.9583": [0, 0, 0]
					}
				},
				"head": {
					"rotation": {
						"0.0": [0, 0, 0],
						"0.25": [8, 0, 0],
						"0.4583": [0, 0, 0],
						"0.7083": [5, 0, 0],
						"0.9583": [0, 0, 0]
					}
				},
				"leg0": {
					"rotation": {
						"0.0": [0, 0, 0],
						"0.25": [40, 0, 0],
						"0.4583": [0, 0, 0],
						"0.7083": [-42.5, 0, 0],
						"0.9167": [0, 0, 0]
					}
				},
				"leg1": {
					"rotation": {
						"0.0": [0, 0, 0],
						"0.25": [-42.5, 0, 0],
						"0.4583": [-0.42, 0, 0],
						"0.7083": [33.42, 0, 0],
						"0.9583": [-0.42, 0, 0]
					}
				},
				"leg2": {
					"rotation": {
						"0.0": [0, 0, 0],
						"0.25": [-42.5, 0, 0],
						"0.4583": [-0.42, 0, 0],
						"0.7083": [33.42, 0, 0],
						"0.9583": [-0.42, 0, 0]
					}
				},
				"leg3": {
					"rotation": {
						"0.0": [0, 0, 0],
						"0.25": [40, 0, 0],
						"0.4583": [0, 0, 0],
						"0.7083": [-42.5, 0, 0],
						"0.9167": [0, 0, 0]
					}
				}
			}
		},
		"animation.hippo.idle": {
			"loop": true,
			"animation_length": 4.375,
			"bones": {
				"ear0": {
					"rotation": {
						"0.0": [0, 0, 0],
						"0.2083": [0, 0, 0],
						"0.4167": [24.81594, 2.15393, -9.76758],
						"0.625": [0, 0, 0],
						"0.875": [0, 0, 0],
						"1.4583": [0, 0, 0],
						"1.6667": [17.25002, 2.99318, -9.54589],
						"1.7917": [0, 0, 0]
					}
				},
				"ear1": {
					"rotation": {
						"0.0": [0, 0, 0],
						"0.1667": [22.01816, -4.75113, 11.57518],
						"0.3333": [2.5, 0, 0],
						"0.7083": [2.5, 0, 0],
						"0.9583": [22.19157, -3.81024, 9.25249],
						"1.125": [0, 0, 0]
					}
				},
				"tail": {
					"rotation": {
						"0.0": [0, 0, 0],
						"0.2083": [0, 0, 25],
						"0.4583": [0, 0, 2.5],
						"0.75": [0, 0, -25],
						"1.0": [0, 0, 0]
					}
				},
				"mouth2": {
					"rotation": {
						"0.0": [0, 0, 0],
						"0.2083": [7.5, 0, 0],
						"0.4167": [0, 0, 0]
					}
				}
			}
		},
		"animation.hippo.eat": {
			"loop": true,
			"animation_length": 0.375,
			"bones": {
				"mouth2": {
					"rotation": {
						"0.0": [0, 0, 0],
						"0.1667": [15, 0, 0],
						"0.2917": [0, 0, 0]
					}
				},
				"mouth": {
					"rotation": {
						"0.0": [0, 0, 0],
						"0.1667": [-15, 0, 0],
						"0.2917": [0, 0, 0]
					}
				}
			}
		}
	}
}