{
	"format_version": "1.8.0",
	"animations": {
		"animation.jerboa.admire": {
			"loop": true,
			"animation_length": 0.75,
			"bones": {
				"head": {
					"rotation": {
						"0.0": [32.5, 0, 0],
						"0.1667": [22.80113, 32.302, -14.17952],
						"0.3333": [32.5, 0, 0],
						"0.5": [47.38219, -22.539, -16.64268],
						"0.6667": [32.5, 0, 0]
					},
					"position": [0, -6, 0]
				},
				"ear1": {
					"rotation": {
						"0.0": [0, 0, 0],
						"0.0833": [0, 70, 0],
						"0.2917": [0, 70, 0],
						"0.375": [0, -30, 0],
						"0.5417": [0, 0, 0],
						"0.75": [0, 0, 0]
					}
				},
				"ear2": {
					"rotation": {
						"0.0": [0, 0, 0],
						"0.2083": [0, -62.5, 0],
						"0.375": [0, -17.5, 0],
						"0.4583": [0, -27.5, 0],
						"0.5833": [-27.5, -27.5, 0],
						"0.7083": [0, 0, 0]
					}
				},
				"body": {
					"rotation": {
						"0.0": [60, 0, 0],
						"0.2083": [57.50142, 21.46902, -13.12427],
						"0.4167": [60, 0, 0],
						"0.625": [56.94013, -23.57105, 14.58943],
						"0.75": [60, 0, 0]
					}
				},
				"hand1": {
					"rotation": {
						"0.0": [0, 0, 0],
						"0.125": [-85, 0, 0],
						"0.2083": [-25, 0, 0],
						"0.2917": [-85, 0, 0],
						"0.375": [-15, 0, 0],
						"0.4583": [-82.5, 0, 0],
						"0.5417": [-15, 0, 0],
						"0.625": [-72.5, 0, 0],
						"0.7083": [-7.5, 0, 0],
						"0.75": [0, 0, 0]
					}
				},
				"hand2": {
					"rotation": {
						"0.0": [0, 0, 0],
						"0.0833": [-62.5, 0, 0],
						"0.1667": [-2.5, 0, 0],
						"0.25": [-60, 0, 0],
						"0.3333": [7.5, 0, 0],
						"0.375": [-55, 0, 0],
						"0.4583": [-102.5, 0, 0],
						"0.5": [-67.5, 0, 0],
						"0.625": [-92.5, 0, 0],
						"0.7083": [0, 0, 0]
					}
				},
				"tail": {
					"rotation": {
						"0.0": [0, 0, 0],
						"0.1667": [-47.5, 0, 0],
						"0.3333": [-10, 0, 0],
						"0.5": [-47.5, 0, 0],
						"0.7083": [0, 0, 0]
					}
				}
			}
		},
		"animation.jerboa.walk": {
			"loop": true,
			"animation_length": 0.41667,
			"bones": {
				"head": {
					"position": {
						"0.0": [0, 0, 0],
						"0.2917": [0, 0, 0],
						"0.3333": [0, -2, 0],
						"0.375": [0, 0, 0]
					}
				},
				"ear1": {
					"rotation": {
						"0.0": [0, 0, 0],
						"0.2083": [0, 0, 0],
						"0.3333": [30, 0, 0],
						"0.4167": [0, 0, 0]
					}
				},
				"ear2": {
					"rotation": {
						"0.0": [0, 0, 0],
						"0.25": [0, 0, 0],
						"0.3333": [32.5, 0, 0],
						"0.4167": [0, 0, 0]
					}
				},
				"legs": {
					"rotation": {
						"0.0": [0, 0, 0],
						"0.2083": [47.5, 0, 0],
						"0.4167": [0, 0, 0]
					}
				},
				"body": {
					"position": {
						"0.0": [0, 0, 0],
						"0.2083": [0, 0, 0],
						"0.3333": [0, -1, 0],
						"0.375": [0, 0, 0]
					}
				},
				"tail": {
					"rotation": {
						"0.0": [0, 0, 0],
						"0.1667": [0, 0, 0],
						"0.25": [-35, 0, 0],
						"0.375": [0, 0, 0]
					}
				},
				"tail2": {
					"rotation": {
						"0.0417": [0, 0, 0],
						"0.25": [-42.5, 0, 0],
						"0.375": [0, 0, 0]
					}
				},
				"tail3": {
					"rotation": {
						"0.0": [0, 0, 0],
						"0.25": [-90, 0, 0],
						"0.375": [0, 0, 0]
					},
					"position": {
						"0.0": [0, 0, 0],
						"0.25": [0, -2, 2],
						"0.375": [0, 0, 0]
					}
				}
			}
		},
		"animation.jerboa.idle": {
			"loop": true,
			"animation_length": 15,
			"bones": {
				"head": {
					"rotation": {
						"0.0": [0, 0, 0],
						"0.2083": [27.5, 0, 0],
						"0.4583": [42.5, 0, 0],
						"0.6667": [0, 0, 0],
						"9.25": [0, 0, 0],
						"9.4583": [42.5, 0, 0],
						"9.5417": [50, 0, 0],
						"9.625": [40, 0, 0],
						"9.6667": [45, 0, 0],
						"9.7083": [35, 0, 0],
						"10.3333": [0, 0, 0]
					},
					"position": {
						"0.0": [0, 0, 0],
						"0.25": [0, 1, 3],
						"0.5": [0, 0, 0],
						"9.25": [0, 0, 0],
						"9.4583": [0, -6, 0],
						"10.3333": [0, 0, 0]
					}
				},
				"ear1": {
					"rotation": {
						"0.1667": [0, 0, 0],
						"0.3333": [50, 0, 0],
						"0.4583": [0, 0, 0]
					}
				},
				"ear2": {
					"rotation": {
						"0.0": [0, 0, 0],
						"0.1667": [52.5, 0, 0],
						"0.3333": [0, 0, 0]
					}
				},
				"body": {
					"rotation": {
						"0.0": [0, 0, 0],
						"0.25": [-20, 0, 0],
						"0.5": [0, 0, 0],
						"9.25": [0, 0, 0],
						"9.4583": [52.5, 0, 0],
						"9.5833": [47.5, 0, 0],
						"9.7083": [52.5, 0, 0],
						"10.0833": [0, 0, 0]
					}
				},
				"hand1": {
					"rotation": {
						"0.0": [0, 0, 0],
						"0.4583": [0, 0, 0],
						"0.5417": [-67.5, 0, 0],
						"0.75": [0, 0, 0]
					}
				},
				"hand2": {
					"rotation": {
						"0.0": [0, 0, 0],
						"0.3333": [0, 0, 0],
						"0.4583": [-84.87924, 12.45167, 1.10693],
						"0.6667": [0, 0, 0]
					}
				},
				"tail": {
					"rotation": {
						"0.0": [0, 0, 0],
						"0.25": [0, 0, 0],
						"0.375": [-45, 0, 0],
						"0.5": [0, 0, 0],
						"0.6667": [0, 0, 0]
					}
				}
			}
		}
	}
}