{
	"format_version": "1.8.0",
	"animations": {
		"animation.kangeroo.walk": {
			"loop": true,
			"animation_length": 0.58333,
			"bones": {
				"body": {
					"rotation": {
						"0.0": [0, 0, 0],
						"0.2083": [-10, 0, 0],
						"0.4167": [10, 0, 0],
						"0.5833": [0, 0, 0]
					}
				},
				"head": {
					"rotation": [20, 0, 0],
					"position": {
						"0.0": [0, 0, 0],
						"0.2083": [0, 2, 0],
						"0.4167": [0, -2, 0],
						"0.5833": [0, 0, 0]
					}
				},
				"hand0": {
					"rotation": {
						"0.0": [0, 0, 0],
						"0.2083": [32.5, 0, 0],
						"0.4167": [-22.5, 0, 0],
						"0.5833": [0, 0, 0]
					},
					"position": {
						"0.0": [0, 0, 0],
						"0.2083": [0, 2, 0],
						"0.4167": [0, -2, 0],
						"0.5833": [0, 0, 0]
					}
				},
				"hand1": {
					"rotation": {
						"0.0": [0, 0, 0],
						"0.2083": [40, 0, 0],
						"0.4167": [-35, 0, 0],
						"0.5833": [0, 0, 0]
					},
					"position": {
						"0.0": [0, 0, 0],
						"0.2083": [0, 2, 0],
						"0.4167": [0, -2, 0],
						"0.5833": [0, 0, 0]
					}
				},
				"tail0": {
					"rotation": {
						"0.0": [0, 0, 0],
						"0.2083": [-30, 0, 0],
						"0.375": [12.5, 0, 0],
						"0.5833": [0, 0, 0]
					}
				},
				"tail1": {
					"rotation": {
						"0.0": [0, 0, 0],
						"0.2083": [30, 0, 0],
						"0.375": [-50, 0, 0],
						"0.5833": [0, 0, 0]
					}
				},
				"leg0": {
					"rotation": {
						"0.0": [0, 0, 0],
						"0.2083": [30, 0, 0],
						"0.375": [50, 0, 0],
						"0.5833": [0, 0, 0]
					}
				},
				"leg1": {
					"rotation": {
						"0.0": [0, 0, 0],
						"0.2083": [27.5, 0, 0],
						"0.375": [42.5, 0, 0],
						"0.5833": [0, 0, 0]
					}
				},
				"bone": {
					"rotation": {
						"0.0": [0, 0, 0],
						"0.2083": [35, 0, 0],
						"0.375": [57.5, 0, 0],
						"0.5833": [0, 0, 0]
					}
				},
				"bone2": {
					"rotation": {
						"0.0": [0, 0, 0],
						"0.1667": [22.5, 0, 0],
						"0.375": [57.44098, 1.65206, 1.86231],
						"0.5833": [0, 0, 0]
					}
				}
			}
		},
		"animation.kangeroo.idle": {
			"loop": true,
			"animation_length": 15,
			"bones": {
				"body": {
					"rotation": {
						"1.0": [0, 0, 0],
						"1.25": [-35, 0, 0],
						"1.7083": [-35, 0, 0],
						"2.0833": [-35, 0, 0],
						"2.4167": [0, 0, 0]
					}
				},
				"head": {
					"position": {
						"1.0": [0, 0, 0],
						"1.2917": [0, 5, 0],
						"2.0833": [0, 5, 0],
						"2.4167": [0, 0, 0]
					}
				},
				"ear0": {
					"rotation": {
						"0.0": [0, 0, 0],
						"0.2083": [40, 0, 0],
						"0.4167": [60.50174, 24.28484, 36.01619],
						"0.625": [28.66845, -15.33887, 14.16735],
						"0.8333": [19.49647, -3.86136, -5.49853],
						"1.0417": [0, 0, 0]
					}
				},
				"ear1": {
					"rotation": {
						"0.0": [0, 0, 0],
						"0.1667": [0, -37.5, 0],
						"0.3333": [60, -37.5, 0],
						"0.5": [-50.21495, -61.5291, 28.96697],
						"0.7083": [-28.43625, -39.70817, 1.50023],
						"0.9167": [0, 0, 0]
					}
				},
				"hand0": {
					"position": {
						"0.9583": [0, 0, 0],
						"1.2083": [0, 4, 0],
						"2.125": [0, 4, 0],
						"2.375": [0, 0, 0]
					}
				},
				"hand1": {
					"position": {
						"1.0": [0, 0, 0],
						"1.2083": [0, 4, 0],
						"2.0833": [0, 4, 0],
						"2.4167": [0, 0, 0]
					}
				},
				"tail0": {
					"rotation": {
						"1.0": [0, 0, 0],
						"1.2917": [-30, 0, 0],
						"2.0833": [-30, 0, 0],
						"2.4167": [0, 0, 0]
					},
					"position": {
						"1.0": [0, 0, 0],
						"1.2917": [0, -6, 0],
						"2.0833": [0, -6, 0],
						"2.4167": [0, 0, 0]
					}
				}
			}
		},
		"animation.kangeroo.attack": {
			"loop": true,
			"animation_length": 0.33333,
			"bones": {
				"root": {
					"rotation": {
						"0.0": [0, 0, 0],
						"0.1667": [-42.5, 0, 0],
						"0.3333": [0, 0, 0]
					}
				},
				"head": {
					"rotation": [35, 0, 0]
				},
				"leg1": {
					"rotation": {
						"0.0": [0, 0, 0],
						"0.1667": [-37.5, 0, 0]
					}
				}
			}
		}
	}
}