{
	"format_version": "1.8.0",
	"animations": {
		"animation.ostrich.walk": {
			"loop": true,
			"animation_length": 0.83333,
			"bones": {
				"head": {
					"rotation": {
						"0.0": [2.5, 0, 0],
						"0.1667": [42.5, 0, 0],
						"0.375": [16.05573, 15.81499, 7.59001],
						"0.5": [5.8127, 1.92556, 0.53066],
						"0.5833": [36.35536, 6.64633, 2.57255],
						"0.7083": [13.41937, 13.72749, 5.63538],
						"0.7917": [2.5, 0, 0]
					}
				},
				"body": {
					"rotation": [0, 0, 0],
					"position": {
						"0.0": [0, 0, 0],
						"0.0833": [0, -1, 0],
						"0.1667": [0, 0.29, 0],
						"0.375": [0, 0, 0],
						"0.4583": [0, -1, 0],
						"0.5417": [0, 1, 0]
					}
				},
				"leg0": {
					"rotation": {
						"0.0": [0, 0, 0],
						"0.2083": [-47.5, 0, 0],
						"0.4167": [0, 0, 0],
						"0.625": [40.5, 0, 0],
						"0.8333": [0, 0, 0]
					}
				},
				"leg1": {
					"rotation": {
						"0.0": [0, 0, 0],
						"0.2083": [47.5, 0, 0],
						"0.4167": [0, 0, 0],
						"0.625": [-45, 0, 0],
						"0.8333": [0, 0, 0]
					}
				},
				"wing0": {
					"rotation": {
						"0.0": [0, 0, 0],
						"0.1667": [0, 0, -17.5],
						"0.2917": [0, 0, -10],
						"0.4167": [0, 0, -37.5],
						"0.5417": [0, 0, -15],
						"0.6667": [-3.90399, 17.07228, -28.08619],
						"0.7917": [0, 0, 0]
					}
				},
				"wing1": {
					"rotation": {
						"0.0": [0, 0, 0],
						"0.1667": [0, 0, -5],
						"0.3333": [1.29717, 4.82922, 10.0547],
						"0.4167": [0.43688, 4.98093, 0.019],
						"0.5417": [2.87052, -20.7561, 26.38306],
						"0.6667": [6.57566, -19.93019, 15.7523],
						"0.7083": [12.39066, -17.02118, -2.45236],
						"0.7917": [0, 0, 0]
					}
				},
				"tail": {
					"rotation": {
						"0.0": [0, 0, 0],
						"0.1667": [-10, 0, 0],
						"0.25": [22.5, 0, 0],
						"0.375": [-47.5, 0, 0],
						"0.4583": [-30, 0, 0],
						"0.5833": [-47.5, 0, 0],
						"0.7083": [-35, 0, 0],
						"0.7917": [0, 0, 0]
					}
				}
			}
		},
		"animation.ostrich.angry": {
			"loop": true,
			"animation_length": 0.5,
			"bones": {
				"head": {
					"rotation": {
						"0.0": [0, 2.5, 0],
						"0.0833": [0, 10, 0],
						"0.2083": [0, -17.5, 0],
						"0.3333": [0, 2.5, 0]
					}
				},
				"wing0": {
					"rotation": {
						"0.0": [0, 0, -2.5],
						"0.0833": [0, 0, -17.5],
						"0.1667": [0, 0, -27.5],
						"0.25": [0, 0, -40],
						"0.3333": [0, 0, -52.5],
						"0.4167": [12.5, 0, -52.5],
						"0.5": [7.68615, -9.88744, -0.66584]
					}
				},
				"wing1": {
					"rotation": {
						"0.0": [0, 0, -2.5],
						"0.0833": [0, 0, 20],
						"0.1667": [0, 0, 42.5],
						"0.25": [0, 0, 45],
						"0.3333": [-3.81397, -11.91276, 55.39807],
						"0.4167": [7.68615, -9.88744, -0.66584]
					}
				},
				"tail": {
					"rotation": {
						"0.0": [-10, 0, 0],
						"0.0833": [-17.5, 0, 0],
						"0.1667": [-25, 0, 0],
						"0.25": [-37.5, 0, 0],
						"0.3333": [-50, 0, 0],
						"0.4167": [-10, 0, 0]
					}
				}
			}
		},
		"animation.ostrich.baby_transform": {
			"loop": true,
			"bones": {
				"head": {
					"scale": [1.3, 1.2, 1.3]
				},
				"tail": {
					"scale": [1, 1.5, 1.5]
				}
			}
		},
		"animation.ostrich.fly": {
			"loop": true,
			"animation_length": 0.25,
			"bones": {
				"leg0": {
					"rotation": [25, 0, 0]
				},
				"leg1": {
					"rotation": [20, 0, 0]
				},
				"wing0": {
					"rotation": {
						"0.0": [0, 0, 0],
						"0.125": [0, 0, -42.5],
						"0.25": [0, 0, 0]
					}
				},
				"wing1": {
					"rotation": {
						"0.0": [0, 0, 0],
						"0.125": [0, 0, 40],
						"0.25": [0, 0, 0]
					}
				},
				"tail": {
					"rotation": {
						"0.0": [2.5, 0, 0],
						"0.0833": [-22.5, 0, 0],
						"0.2083": [2.5, 0, 0]
					}
				}
			}
		}
	}
}