{
	"format_version": "1.8.0",
	"animations": {
		"animation.penguin.walk": {
			"loop": true,
			"animation_length": 0.875,
			"bones": {
				"root": {
					"rotation": {
						"0.0": [5, 0, 0],
						"0.25": [-5, 0, 5],
						"0.4583": [2.5, 0, -0.83],
						"0.6667": [-5, 0, -3.33],
						"0.875": [5, 0, 0]
					}
				},
				"head": {
					"rotation": {
						"0.0": [0, 0, 0],
						"0.1667": [0, 0, 2.5],
						"0.4167": [0, 0, -2.5],
						"0.6667": [-2.5, 0, 0],
						"0.8333": [0, 0, 0]
					}
				},
				"hand0": {
					"rotation": {
						"0.0": [0, 0, 0],
						"0.1667": [0, 0, 32.5],
						"0.4167": [0, 0, 22.5],
						"0.625": [0, 0, 32.5],
						"0.875": [0, 0, 0]
					}
				},
				"hand1": {
					"rotation": {
						"0.0": [0, 0, 0],
						"0.2083": [0, 0, -45],
						"0.4167": [0, 0, -20],
						"0.6667": [0, 0, -30],
						"0.875": [0, 0, 0]
					}
				},
				"tail": {
					"rotation": {
						"0.0": [0, 0, 0],
						"0.2083": [12.5, 0, 0],
						"0.4583": [2.5, 0, 0],
						"0.6667": [15, 0, 0],
						"0.875": [0, 0, 0]
					}
				}
			}
		},
		"animation.penguin.swim": {
			"loop": true,
			"animation_length": 0.41667,
			"bones": {
				"root": {
					"rotation": [87.5, 0, 0]
				},
				"head": {
					"rotation": {
						"0.0": [-82.5, 0, 0],
						"0.0417": [-82.5, 0, 0],
						"0.1667": [-82.47168, 4.95712, 0.65426],
						"0.2917": [-82.47168, -4.95712, -0.65426],
						"0.375": [-82.5, 0, 0]
					},
					"position": [0, 4, -4]
				},
				"hand0": {
					"rotation": {
						"0.0": [0, 0, 0],
						"0.2083": [0, 0, 40],
						"0.4167": [0, 0, 0]
					}
				},
				"hand1": {
					"rotation": {
						"0.0": [0, 0, 0],
						"0.2083": [0, 0, -35],
						"0.4167": [0, 0, 0]
					}
				},
				"tail": {
					"rotation": {
						"0.0": [0, 0, 0],
						"0.125": [-30, 0, 0],
						"0.1667": [-20.83, 0, 0],
						"0.25": [-17.5, 0, 0],
						"0.375": [0, 0, 0]
					}
				},
				"leg0": {
					"rotation": {
						"0.0": [55, 0, 0],
						"0.1667": [70, 0, 0],
						"0.375": [55, 0, 0]
					}
				},
				"leg1": {
					"rotation": {
						"0.0": [45, 0, 0],
						"0.2083": [62.5, 0, 0],
						"0.4167": [45, 0, 0]
					}
				},
				"body": {
					"rotation": {
						"0.0": [0, 0, 0],
						"0.1667": [0, 5, 0],
						"0.2917": [0, -7.5, 0],
						"0.4167": [0, 0, 0]
					}
				}
			}
		},
		"animation.penguin.climb": {
			"loop": true,
			"animation_length": 0.45833,
			"bones": {
				"hand0": {
					"rotation": {
						"0.0": [0, 0, 0],
						"0.125": [0, 0, 20],
						"0.25": [0, 0, 15],
						"0.3333": [0, 0, 23.33],
						"0.4583": [0, 0, 0]
					}
				},
				"hand1": {
					"rotation": {
						"0.0": [0, 0, 0],
						"0.125": [0, 0, -20],
						"0.25": [0, 0, -15],
						"0.3333": [0, 0, -27.5],
						"0.4583": [0, 0, 0]
					}
				}
			}
		},
		"animation.penguin.eat": {
			"loop": true,
			"animation_length": 0.33333,
			"bones": {
				"head": {
					"rotation": {
						"0.0": [0, 0, 0],
						"0.125": [5, 0, 0],
						"0.2917": [0, 0, 0]
					}
				},
				"schnabel1": {
					"rotation": {
						"0.0": [0, 0, 0],
						"0.1667": [22.5, 0, 0],
						"0.3333": [0, 0, 0]
					}
				}
			}
		},
		"animation.penguin.slide": {
			"loop": true,
			"bones": {
				"root": {
					"rotation": [90, 0, 0]
				},
				"head": {
					"rotation": [-87.5, 0, 0],
					"position": [0, 2, -4]
				},
				"hand0": {
					"rotation": [6.46066, 13.56626, 25.76926]
				},
				"hand1": {
					"rotation": [0.88045, -9.96156, -17.57673]
				}
			}
		}
	}
}