{
	"format_version": "1.8.0",
	"animations": {
		"animation.tiger_rattlesnake.idle": {
			"loop": true,
			"animation_length": 4,
			"bones": {
				"tonge": {
					"position": {
						"0.0": [0, 0, 0],
						"0.125": [0, 0, -2],
						"0.25": [0, 0, 0]
					}
				}
			}
		},
		"animation.tiger_rattlesnake.attack": {
			"animation_length": 0.25,
			"bones": {
				"jaw": {
					"rotation": {
						"0.0": [0, 0, 0],
						"0.125": [40, 0, 0],
						"0.25": [0, 0, 0]
					}
				}
			}
		},
		"animation.tiger_rattlesnake.rattle": {
			"loop": true,
			"animation_length": 0.33333,
			"bones": {
				"root": {
					"position": [0, -6, 0]
				},
				"neck": {
					"position": [0, 9, 12]
				},
				"body2": {
					"rotation": [0, 40, 37.5]
				},
				"tail": {
					"rotation": [93.25002, 44.21368, 73.47105]
				},
				"tail2": {
					"rotation": [57.89361, 25.62261, -10.46783]
				},
				"rattle": {
					"rotation": {
						"0.0": [0, 0, 0],
						"0.0833": [-13.68879, 42.22111, -50.86497],
						"0.1667": [0.46575, 12.60058, -12.10833],
						"0.25": [-0.92411, 21.51712, -21.18561],
						"0.3333": [0, 0, 0]
					}
				},
				"head": {
					"position": [0, 9, 12]
				},
				"jaw": {
					"rotation": [32.5, 0, 0]
				}
			}
		},
		"animation.tiger_rattlesnake.walk": {
			"loop": true,
			"animation_length": 0.83333,
			"bones": {
				"neck": {
					"rotation": {
						"0.0": [0, 0, 0],
						"0.2083": [0, 35, 0],
						"0.4167": [0, 0, 0],
						"0.625": [0, -45, 0],
						"0.8333": [0, 0, 0]
					},
					"position": {
						"0.0": [0, 0, 0],
						"0.4167": [0, 0, 0],
						"0.8333": [0, 0, 0]
					}
				},
				"body2": {
					"rotation": {
						"0.0": [0, 0, 0],
						"0.2083": [0, -30, 0],
						"0.4167": [0, 0, 0],
						"0.625": [0, 37.5, 0],
						"0.8333": [0, 0, 0]
					},
					"position": {
						"0.0": [0, 0, 0],
						"0.4167": [0, 0, 0],
						"0.8333": [0, 0, 0]
					}
				},
				"tail": {
					"rotation": {
						"0.0": [0, 0, 0],
						"0.2083": [0, -40, 0],
						"0.4167": [0, 0, 0],
						"0.625": [0, 50, 0],
						"0.8333": [0, 0, 0]
					},
					"position": {
						"0.0": [0, 0, 0],
						"0.4167": [0, 0, 0],
						"0.8333": [0, 0, 0]
					}
				},
				"tail2": {
					"rotation": {
						"0.0": [0, 0, 0],
						"0.2083": [0, 37.5, 0],
						"0.4167": [0, 0, 0],
						"0.625": [0, -45, 0],
						"0.8333": [0, 0, 0]
					},
					"position": {
						"0.0": [0, 0, 0],
						"0.4167": [0, 0, 0],
						"0.8333": [0, 0, 0]
					}
				},
				"rattle": {
					"rotation": {
						"0.0": [0, 0, 0],
						"0.4167": [0, 0, 0],
						"0.8333": [0, 0, 0]
					},
					"position": {
						"0.0": [0, 0, 0],
						"0.4167": [0, 0, 0],
						"0.8333": [0, 0, 0]
					}
				},
				"head": {
					"rotation": [0, 0, 0],
					"position": [0, 0, 0],
					"scale": 1
				}
			}
		},
		"animation.tiger_rattlesnake.climb": {
			"loop": true,
			"bones": {
				"neck": {
					"rotation": [-30, 0, 0],
					"position": [0, 4, 0]
				},
				"body2": {
					"rotation": [22.5, 0, 0]
				},
				"tail": {
					"rotation": [10, 0, 0]
				},
				"head": {
					"position": [0, 5, 0]
				}
			}
		}
	}
}