{
	"format_version": "1.8.0",
	"animations": {
		"animation.yak.walk": {
			"loop": true,
			"animation_length": 1,
			"bones": {
				"leg3": {
					"rotation": {
						"0.0": [0, 0, 0],
						"0.25": [-37.5, 0, 0],
						"0.5": [0, 0, 0],
						"0.75": [45, 0, 0],
						"1.0": [0, 0, 0]
					}
				},
				"leg1": {
					"rotation": {
						"0.0": [0, 0, 0],
						"0.25": [-45, 0, 0],
						"0.5": [0, 0, 0],
						"0.75": [42.5, 0, 0],
						"1.0": [0, 0, 0]
					}
				},
				"body": {
					"rotation": {
						"0.0": [0, 0, 0],
						"0.25": [0, 0, 5],
						"0.5": [0, 0, 0],
						"0.7083": [0, 0, -5],
						"1.0": [0, 0, 0]
					}
				},
				"head": {
					"rotation": {
						"0.0": [0, 0, 0],
						"0.25": [5, 0, 0],
						"0.5": [-2.5, 0, 0],
						"0.75": [2.5, 0, 0],
						"1.0": [0, 0, 0]
					}
				},
				"leg0": {
					"rotation": {
						"0.0": [0, 0, 0],
						"0.25": [50, 0, 0],
						"0.5": [0, 0, 0],
						"0.75": [-50, 0, 0],
						"1.0": [0, 0, 0]
					}
				},
				"leg2": {
					"rotation": {
						"0.0": [0, 0, 0],
						"0.25": [44.47698, 3.81991, 7.65819],
						"0.5": [0, 0, 0],
						"0.75": [-47.5, 0, 0],
						"1.0": [0, 0, 0]
					}
				}
			}
		},
		"animation.yak.idle": {
			"loop": true,
			"animation_length": 6,
			"bones": {
				"ear1": {
					"rotation": {
						"0.0": [0, 0, 0],
						"0.2083": [0, -35, 0],
						"0.5417": [0, -7.5, 0],
						"0.7917": [0, -35, 0],
						"1.0": [0, 0, 0]
					}
				},
				"ear0": {
					"rotation": {
						"0.0": [0, 0, 0],
						"0.25": [0, 32.5, 0],
						"0.5": [0, -15, 0],
						"0.75": [0, 37.5, 0],
						"1.0": [0, 0, 0]
					}
				}
			}
		},
		"animation.yak.baby": {
			"loop": true,
			"bones": {
				"head": {
					"scale": [1.1, 1.1, 1]
				},
				"horn0": {
					"scale": [-0.3, 0.4, 1]
				},
				"horn1": {
					"scale": [-0.1, 0.3, 1]
				}
			}
		}
	}
}